24/03/2022,10:37:32,5.933942559
24/03/2022,10:38:32,5.911096606
24/03/2022,10:39:32,5.911096606
24/03/2022,10:40:32,5.911096606
24/03/2022,10:41:32,5.933942559
24/03/2022,10:42:32,5.933942559
24/03/2022,10:43:32,5.956788512
24/03/2022,10:44:32,5.956788512
24/03/2022,10:45:32,5.979634465
24/03/2022,10:46:32,5.956788512
24/03/2022,10:47:32,5.979634465
24/03/2022,10:48:32,5.979634465
24/03/2022,10:49:32,6.002480418
24/03/2022,10:50:32,6.025326371
24/03/2022,10:51:32,6.002480418
24/03/2022,10:52:32,6.025326371
24/03/2022,10:53:32,6.048172324
24/03/2022,10:54:32,6.071018277
24/03/2022,10:55:32,6.048172324
24/03/2022,10:56:32,6.071018277
24/03/2022,10:57:32,6.09386423
24/03/2022,10:58:32,6.116710183
24/03/2022,10:59:32,6.116710183
24/03/2022,11:00:32,6.116710183
24/03/2022,11:01:32,6.139556136
24/03/2022,11:02:32,6.162402089
24/03/2022,11:03:32,6.162402089
24/03/2022,11:04:32,6.162402089
24/03/2022,11:05:32,6.185248042
24/03/2022,11:06:32,6.208093995
24/03/2022,11:07:32,6.208093995
24/03/2022,11:08:32,6.230939948
24/03/2022,11:09:32,6.253785901
24/03/2022,11:10:32,6.230939948
24/03/2022,11:11:32,6.253785901
24/03/2022,11:12:32,6.276631854
24/03/2022,11:13:32,6.299477807
24/03/2022,11:14:32,6.299477807
24/03/2022,11:15:32,6.32232376
24/03/2022,11:16:32,6.32232376
24/03/2022,11:17:32,6.345169713
24/03/2022,11:18:32,6.345169713
24/03/2022,11:19:32,6.368015666
24/03/2022,11:20:32,6.390861619
24/03/2022,11:21:32,6.368015666
24/03/2022,11:22:32,6.390861619
24/03/2022,11:23:32,6.413707572
24/03/2022,11:24:32,6.436553525
24/03/2022,11:25:32,6.436553525
24/03/2022,11:26:32,6.459399478
24/03/2022,11:27:32,6.459399478
24/03/2022,11:28:32,6.482245431
24/03/2022,11:29:32,6.482245431
24/03/2022,11:30:32,6.505091384
24/03/2022,11:31:32,6.527937337
24/03/2022,11:32:32,6.55078329
24/03/2022,11:33:32,6.527937337
24/03/2022,11:34:32,6.55078329
24/03/2022,11:35:32,6.573629243
24/03/2022,11:36:32,6.573629243
24/03/2022,11:37:32,6.596475196
24/03/2022,11:38:32,6.596475196
24/03/2022,11:39:32,6.619321149
24/03/2022,11:40:32,6.619321149
24/03/2022,11:41:32,6.642167102
24/03/2022,11:42:32,6.665013055
24/03/2022,11:43:32,6.665013055
24/03/2022,11:44:32,6.665013055
24/03/2022,11:45:32,6.687859008
24/03/2022,11:46:32,6.710704961
24/03/2022,11:47:32,6.733550914
24/03/2022,11:48:32,6.710704961
24/03/2022,11:49:32,6.733550914
24/03/2022,11:50:32,6.756396867
24/03/2022,11:51:32,6.77924282
24/03/2022,11:52:32,6.756396867
24/03/2022,11:53:32,6.77924282
24/03/2022,11:54:32,6.802088773
24/03/2022,11:55:32,6.824934726
24/03/2022,11:56:32,6.802088773
24/03/2022,11:57:32,6.824934726
24/03/2022,11:58:32,6.847780679
24/03/2022,11:59:32,6.847780679
24/03/2022,12:00:32,6.870626632
24/03/2022,12:01:32,6.870626632
24/03/2022,12:02:32,6.893472585
24/03/2022,12:03:32,6.893472585
24/03/2022,12:04:32,6.916318538
24/03/2022,12:05:32,6.916318538
24/03/2022,12:06:32,6.916318538
24/03/2022,12:07:32,6.939164491
24/03/2022,12:08:32,6.962010444
24/03/2022,12:09:32,6.962010444
24/03/2022,12:10:32,6.962010444
24/03/2022,12:11:32,6.984856397
24/03/2022,12:12:32,7.00770235
24/03/2022,12:13:32,7.00770235
24/03/2022,12:14:32,7.00770235
24/03/2022,12:15:32,7.030548303
24/03/2022,12:16:32,7.030548303
24/03/2022,12:17:32,7.053394256
24/03/2022,12:18:32,7.053394256
24/03/2022,12:19:32,7.076240209
24/03/2022,12:20:32,7.076240209
24/03/2022,12:21:32,7.099086162
24/03/2022,12:22:32,7.099086162
24/03/2022,12:23:32,7.099086162
24/03/2022,12:24:32,7.121932115
24/03/2022,12:25:32,7.144778068
24/03/2022,12:26:32,7.144778068
24/03/2022,12:27:32,7.144778068
24/03/2022,12:28:32,7.167624021
24/03/2022,12:29:32,7.167624021
24/03/2022,12:30:32,7.190469974
24/03/2022,12:31:32,7.190469974
24/03/2022,12:32:32,7.190469974
24/03/2022,12:33:32,7.213315927
24/03/2022,12:34:32,7.213315927
24/03/2022,12:35:32,7.23616188
24/03/2022,12:36:32,7.23616188
24/03/2022,12:37:32,7.23616188
24/03/2022,12:38:32,7.259007833
24/03/2022,12:39:32,7.281853786
24/03/2022,12:40:32,7.281853786
24/03/2022,12:41:32,7.281853786
24/03/2022,12:42:32,7.304699739
24/03/2022,12:43:32,7.304699739
24/03/2022,12:44:32,7.327545692
24/03/2022,12:45:32,7.350391645
24/03/2022,12:46:32,7.327545692
24/03/2022,12:47:32,7.350391645
24/03/2022,12:48:32,7.350391645
24/03/2022,12:49:32,7.373237598
24/03/2022,12:50:32,7.396083551
24/03/2022,12:51:32,7.373237598
24/03/2022,12:52:32,7.396083551
24/03/2022,12:53:32,7.396083551
24/03/2022,12:54:32,7.418929504
24/03/2022,12:55:32,7.441775457
24/03/2022,12:56:32,7.418929504
24/03/2022,12:57:32,7.441775457
24/03/2022,12:58:32,7.441775457
24/03/2022,12:59:32,7.46462141
24/03/2022,13:00:32,7.46462141
24/03/2022,13:01:32,7.487467363
24/03/2022,13:02:32,7.487467363
24/03/2022,13:03:32,7.487467363
24/03/2022,13:04:32,7.510313316
24/03/2022,13:05:32,7.510313316
24/03/2022,13:06:32,7.533159269
24/03/2022,13:07:32,7.510313316
24/03/2022,13:08:32,7.533159269
24/03/2022,13:09:32,7.533159269
24/03/2022,13:10:32,7.556005222
24/03/2022,13:11:32,7.556005222
24/03/2022,13:12:32,7.578851175
24/03/2022,13:13:32,7.556005222
24/03/2022,13:14:32,7.578851175
24/03/2022,13:15:32,7.578851175
24/03/2022,13:16:32,7.601697128
24/03/2022,13:17:32,7.601697128
24/03/2022,13:18:32,7.624543081
24/03/2022,13:19:32,7.624543081
24/03/2022,13:20:32,7.624543081
24/03/2022,13:21:32,7.624543081
24/03/2022,13:22:32,7.647389034
24/03/2022,13:23:32,7.647389034
24/03/2022,13:24:32,7.647389034
24/03/2022,13:25:32,7.670234987
24/03/2022,13:26:32,7.670234987
24/03/2022,13:27:32,7.670234987
24/03/2022,13:28:32,7.670234987
24/03/2022,13:29:32,7.69308094
24/03/2022,13:30:32,7.69308094
24/03/2022,13:31:32,7.69308094
24/03/2022,13:32:32,7.715926893
24/03/2022,13:33:32,7.715926893
24/03/2022,13:34:32,7.715926893
24/03/2022,13:35:32,7.715926893
24/03/2022,13:36:32,7.715926893
24/03/2022,13:37:32,7.738772846
24/03/2022,13:38:32,7.738772846
24/03/2022,13:39:32,7.738772846
24/03/2022,13:40:32,7.761618799
24/03/2022,13:41:32,7.761618799
24/03/2022,13:42:32,7.761618799
24/03/2022,13:43:32,7.761618799
24/03/2022,13:44:32,7.784464752
24/03/2022,13:45:32,7.784464752
24/03/2022,13:46:32,7.784464752
24/03/2022,13:47:32,7.807310705
24/03/2022,13:48:32,7.807310705
24/03/2022,13:49:32,7.807310705
24/03/2022,13:50:32,7.807310705
24/03/2022,13:51:32,7.807310705
24/03/2022,13:52:32,7.807310705
24/03/2022,13:53:32,7.830156658
24/03/2022,13:54:32,7.830156658
24/03/2022,13:55:32,7.830156658
24/03/2022,13:56:32,7.853002611
24/03/2022,13:57:32,7.853002611
24/03/2022,13:58:32,7.853002611
24/03/2022,13:59:32,7.853002611
24/03/2022,14:00:32,7.875848564
24/03/2022,14:01:32,7.853002611
24/03/2022,14:02:32,7.853002611
24/03/2022,14:03:32,7.853002611
24/03/2022,14:04:32,7.875848564
24/03/2022,14:05:32,7.875848564
24/03/2022,14:06:32,7.875848564
24/03/2022,14:07:32,7.898694517
24/03/2022,14:08:32,7.898694517
24/03/2022,14:09:32,7.898694517
24/03/2022,14:10:32,7.898694517
24/03/2022,14:11:32,7.898694517
24/03/2022,14:12:32,7.898694517
24/03/2022,14:13:32,7.898694517
24/03/2022,14:14:32,7.92154047
24/03/2022,14:15:32,7.92154047
24/03/2022,14:16:32,7.92154047
24/03/2022,14:17:32,7.92154047
24/03/2022,14:18:32,7.944386423
24/03/2022,14:19:32,7.944386423
24/03/2022,14:20:32,7.944386423
24/03/2022,14:21:32,7.944386423
24/03/2022,14:22:32,7.944386423
24/03/2022,14:23:32,7.944386423
24/03/2022,14:24:32,7.967232376
24/03/2022,14:25:32,7.944386423
24/03/2022,14:26:32,7.944386423
24/03/2022,14:27:32,7.944386423
24/03/2022,14:28:32,7.944386423
24/03/2022,14:29:32,7.967232376
24/03/2022,14:30:32,7.967232376
24/03/2022,14:31:32,7.990078329
24/03/2022,14:32:32,7.990078329
24/03/2022,14:33:32,7.990078329
24/03/2022,14:34:32,7.990078329
24/03/2022,14:35:32,7.990078329
24/03/2022,14:36:32,7.990078329
24/03/2022,14:37:32,7.990078329
24/03/2022,14:38:32,7.990078329
24/03/2022,14:39:32,7.990078329
24/03/2022,14:40:32,7.990078329
24/03/2022,14:41:32,7.990078329
24/03/2022,14:42:32,8.012924282
24/03/2022,14:43:32,8.012924282
24/03/2022,14:44:32,7.990078329
24/03/2022,14:45:32,7.990078329
24/03/2022,14:46:32,7.990078329
24/03/2022,14:47:32,7.990078329
24/03/2022,14:48:32,8.012924282
24/03/2022,14:49:32,8.012924282
24/03/2022,14:50:32,8.012924282
24/03/2022,14:51:32,8.012924282
24/03/2022,14:52:32,8.012924282
24/03/2022,14:53:32,8.012924282
24/03/2022,14:54:32,8.012924282
24/03/2022,14:55:32,8.012924282
24/03/2022,14:56:32,8.012924282
24/03/2022,14:57:32,8.012924282
24/03/2022,14:58:32,8.012924282
24/03/2022,14:59:32,8.012924282
24/03/2022,15:00:32,8.012924282
24/03/2022,15:01:32,8.012924282
24/03/2022,15:02:32,8.012924282
24/03/2022,15:03:32,8.012924282
24/03/2022,15:04:32,8.035770235
24/03/2022,15:05:32,8.035770235
24/03/2022,15:06:32,8.035770235
24/03/2022,15:07:32,8.035770235
24/03/2022,15:08:32,8.035770235
24/03/2022,15:09:32,8.035770235
24/03/2022,15:10:32,8.035770235
24/03/2022,15:11:32,8.035770235
24/03/2022,15:12:32,8.035770235
24/03/2022,15:13:32,8.035770235
24/03/2022,15:14:32,8.035770235
24/03/2022,15:15:32,8.035770235
24/03/2022,15:16:32,8.035770235
24/03/2022,15:17:32,8.035770235
24/03/2022,15:18:32,8.035770235
24/03/2022,15:19:32,8.035770235
24/03/2022,15:20:32,8.035770235
24/03/2022,15:21:32,8.035770235
24/03/2022,15:22:32,8.035770235
24/03/2022,15:23:32,8.035770235
24/03/2022,15:24:32,8.035770235
24/03/2022,15:25:32,8.035770235
24/03/2022,15:26:32,8.035770235
24/03/2022,15:27:32,8.035770235
24/03/2022,15:28:32,8.035770235
24/03/2022,15:29:32,8.012924282
24/03/2022,15:30:32,8.012924282
24/03/2022,15:31:32,8.012924282
24/03/2022,15:32:32,7.990078329
24/03/2022,15:33:32,7.990078329
24/03/2022,15:34:32,7.990078329
24/03/2022,15:35:32,7.990078329
24/03/2022,15:36:32,7.990078329
24/03/2022,15:37:32,8.012924282
24/03/2022,15:38:32,7.990078329
24/03/2022,15:39:32,7.990078329
24/03/2022,15:40:32,7.990078329
24/03/2022,15:41:32,7.990078329
24/03/2022,15:42:32,7.990078329
24/03/2022,15:43:32,7.990078329
24/03/2022,15:44:32,7.990078329
24/03/2022,15:45:32,7.967232376
24/03/2022,15:46:32,7.967232376
24/03/2022,15:47:32,7.967232376
24/03/2022,15:48:32,7.967232376
24/03/2022,15:49:32,7.967232376
24/03/2022,15:50:32,7.967232376
24/03/2022,15:51:32,7.967232376
24/03/2022,15:52:32,7.944386423
24/03/2022,15:53:32,7.944386423
24/03/2022,15:54:32,7.944386423
24/03/2022,15:55:32,7.967232376
24/03/2022,15:56:32,7.944386423
24/03/2022,15:57:32,7.944386423
24/03/2022,15:58:32,7.944386423
24/03/2022,15:59:32,7.944386423
24/03/2022,16:00:32,7.92154047
24/03/2022,16:01:32,7.92154047
24/03/2022,16:02:32,7.92154047
24/03/2022,16:03:32,7.92154047
24/03/2022,16:04:32,7.898694517
24/03/2022,16:05:32,7.898694517
24/03/2022,16:06:32,7.898694517
24/03/2022,16:07:32,7.898694517
24/03/2022,16:08:32,7.92154047
24/03/2022,16:09:32,7.898694517
24/03/2022,16:10:32,7.898694517
24/03/2022,16:11:32,7.898694517
24/03/2022,16:12:32,7.898694517
24/03/2022,16:13:32,7.898694517
24/03/2022,16:14:32,7.875848564
24/03/2022,16:15:32,7.875848564
24/03/2022,16:16:32,7.875848564
24/03/2022,16:17:32,7.853002611
24/03/2022,16:18:32,7.853002611
24/03/2022,16:19:32,7.853002611
24/03/2022,16:20:32,7.853002611
24/03/2022,16:21:32,7.853002611
24/03/2022,16:22:32,7.853002611
24/03/2022,16:23:32,7.853002611
24/03/2022,16:24:32,7.853002611
24/03/2022,16:25:32,7.853002611
24/03/2022,16:26:32,7.830156658
24/03/2022,16:27:32,7.830156658
24/03/2022,16:28:32,7.830156658
24/03/2022,16:29:32,7.830156658
24/03/2022,16:30:32,7.807310705
24/03/2022,16:31:32,7.807310705
24/03/2022,16:32:32,7.807310705
24/03/2022,16:33:32,7.807310705
24/03/2022,16:34:32,7.807310705
24/03/2022,16:35:32,7.807310705
24/03/2022,16:36:32,7.807310705
24/03/2022,16:37:32,7.807310705
24/03/2022,16:38:32,7.807310705
24/03/2022,16:39:32,7.784464752
24/03/2022,16:40:32,7.784464752
24/03/2022,16:41:32,7.784464752
24/03/2022,16:42:32,7.784464752
24/03/2022,16:43:32,7.761618799
24/03/2022,16:44:32,7.761618799
24/03/2022,16:45:32,7.761618799
24/03/2022,16:46:32,7.761618799
24/03/2022,16:47:32,7.761618799
24/03/2022,16:48:32,7.761618799
24/03/2022,16:49:32,7.761618799
24/03/2022,16:50:32,7.761618799
24/03/2022,16:51:32,7.761618799
24/03/2022,16:52:32,7.738772846
24/03/2022,16:53:32,7.738772846
24/03/2022,16:54:32,7.738772846
24/03/2022,16:55:32,7.738772846
24/03/2022,16:56:32,7.738772846
24/03/2022,16:57:32,7.715926893
24/03/2022,16:58:32,7.715926893
24/03/2022,16:59:32,7.715926893
24/03/2022,17:00:32,7.715926893
24/03/2022,17:01:32,7.715926893
24/03/2022,17:02:32,7.715926893
24/03/2022,17:03:32,7.715926893
24/03/2022,17:04:32,7.715926893
24/03/2022,17:05:32,7.69308094
24/03/2022,17:06:32,7.69308094
24/03/2022,17:07:32,7.69308094
24/03/2022,17:08:32,7.69308094
24/03/2022,17:09:32,7.670234987
24/03/2022,17:10:32,7.670234987
24/03/2022,17:11:32,7.670234987
24/03/2022,17:12:32,7.670234987
24/03/2022,17:13:32,7.647389034
24/03/2022,17:14:32,7.670234987
24/03/2022,17:15:32,7.670234987
24/03/2022,17:16:32,7.647389034
24/03/2022,17:17:32,7.647389034
24/03/2022,17:18:32,7.647389034
24/03/2022,17:19:32,7.647389034
24/03/2022,17:20:32,7.624543081
24/03/2022,17:21:32,7.624543081
24/03/2022,17:22:32,7.624543081
24/03/2022,17:23:32,7.624543081
24/03/2022,17:24:32,7.601697128
24/03/2022,17:25:32,7.624543081
24/03/2022,17:26:32,7.624543081
24/03/2022,17:27:32,7.624543081
24/03/2022,17:28:32,7.601697128
24/03/2022,17:29:32,7.601697128
24/03/2022,17:30:32,7.601697128
24/03/2022,17:31:32,7.578851175
24/03/2022,17:32:32,7.578851175
24/03/2022,17:33:32,7.578851175
24/03/2022,17:34:32,7.578851175
24/03/2022,17:35:32,7.556005222
24/03/2022,17:36:32,7.578851175
24/03/2022,17:37:32,7.578851175
24/03/2022,17:38:32,7.578851175
24/03/2022,17:39:32,7.556005222
24/03/2022,17:40:32,7.556005222
24/03/2022,17:41:32,7.556005222
24/03/2022,17:42:32,7.556005222
24/03/2022,17:43:32,7.533159269
24/03/2022,17:44:32,7.533159269
24/03/2022,17:45:32,7.533159269
24/03/2022,17:46:32,7.533159269
24/03/2022,17:47:32,7.510313316
24/03/2022,17:48:32,7.533159269
24/03/2022,17:49:32,7.533159269
24/03/2022,17:50:32,7.533159269
24/03/2022,17:51:32,7.510313316
24/03/2022,17:52:32,7.510313316
24/03/2022,17:53:32,7.510313316
24/03/2022,17:54:32,7.510313316
24/03/2022,17:55:32,7.487467363
24/03/2022,17:56:32,7.487467363
24/03/2022,17:57:32,7.487467363
24/03/2022,17:58:32,7.487467363
24/03/2022,17:59:32,7.46462141
24/03/2022,18:00:32,7.46462141
24/03/2022,18:01:32,7.487467363
24/03/2022,18:02:32,7.487467363
24/03/2022,18:03:32,7.46462141
24/03/2022,18:04:32,7.46462141
24/03/2022,18:05:32,7.46462141
24/03/2022,18:06:32,7.46462141
24/03/2022,18:07:32,7.441775457
24/03/2022,18:08:32,7.441775457
24/03/2022,18:09:32,7.441775457
24/03/2022,18:10:32,7.441775457
24/03/2022,18:11:32,7.441775457
24/03/2022,18:12:32,7.418929504
24/03/2022,18:13:32,7.418929504
24/03/2022,18:14:32,7.418929504
24/03/2022,18:15:32,7.441775457
24/03/2022,18:16:32,7.441775457
24/03/2022,18:17:32,7.418929504
24/03/2022,18:18:32,7.418929504
24/03/2022,18:19:32,7.418929504
24/03/2022,18:20:32,7.418929504
24/03/2022,18:21:32,7.396083551
24/03/2022,18:22:32,7.396083551
24/03/2022,18:23:32,7.396083551
24/03/2022,18:24:32,7.396083551
24/03/2022,18:25:32,7.396083551
24/03/2022,18:26:32,7.373237598
24/03/2022,18:27:32,7.373237598
24/03/2022,18:28:32,7.373237598
24/03/2022,18:29:32,7.373237598
24/03/2022,18:30:32,7.396083551
24/03/2022,18:31:32,7.373237598
24/03/2022,18:32:32,7.373237598
24/03/2022,18:33:32,7.373237598
24/03/2022,18:34:32,7.373237598
24/03/2022,18:35:32,7.373237598
24/03/2022,18:36:32,7.373237598
24/03/2022,18:37:32,7.350391645
24/03/2022,18:38:32,7.350391645
24/03/2022,18:39:32,7.350391645
24/03/2022,18:40:32,7.350391645
24/03/2022,18:41:32,7.350391645
24/03/2022,18:42:32,7.350391645
24/03/2022,18:43:32,7.327545692
24/03/2022,18:44:32,7.327545692
24/03/2022,18:45:32,7.327545692
24/03/2022,18:46:32,7.327545692
24/03/2022,18:47:32,7.350391645
24/03/2022,18:48:32,7.327545692
24/03/2022,18:49:32,7.327545692
24/03/2022,18:50:32,7.327545692
24/03/2022,18:51:32,7.327545692
24/03/2022,18:52:32,7.327545692
24/03/2022,18:53:32,7.327545692
24/03/2022,18:54:32,7.327545692
24/03/2022,18:55:32,7.304699739
24/03/2022,18:56:32,7.304699739
24/03/2022,18:57:32,7.304699739
24/03/2022,18:58:32,7.304699739
24/03/2022,18:59:32,7.304699739
24/03/2022,19:00:32,7.304699739
24/03/2022,19:01:32,7.281853786
24/03/2022,19:02:32,7.281853786
24/03/2022,19:03:32,7.281853786
24/03/2022,19:04:32,7.281853786
24/03/2022,19:05:32,7.281853786
24/03/2022,19:06:32,7.304699739
24/03/2022,19:07:32,7.281853786
24/03/2022,19:08:32,7.281853786
24/03/2022,19:09:32,7.281853786
24/03/2022,19:10:32,7.281853786
24/03/2022,19:11:32,7.281853786
24/03/2022,19:12:32,7.281853786
24/03/2022,19:13:32,7.281853786
24/03/2022,19:14:32,7.259007833
24/03/2022,19:15:32,7.259007833
24/03/2022,19:16:32,7.259007833
24/03/2022,19:17:32,7.259007833
24/03/2022,19:18:32,7.259007833
24/03/2022,19:19:32,7.23616188
24/03/2022,19:20:32,7.23616188
24/03/2022,19:21:32,7.23616188
24/03/2022,19:22:32,7.23616188
24/03/2022,19:23:32,7.23616188
24/03/2022,19:24:32,7.259007833
24/03/2022,19:25:32,7.23616188
24/03/2022,19:26:32,7.23616188
24/03/2022,19:27:32,7.23616188
24/03/2022,19:28:32,7.23616188
24/03/2022,19:29:32,7.23616188
24/03/2022,19:30:32,7.213315927
24/03/2022,19:31:32,7.213315927
24/03/2022,19:32:32,7.213315927
24/03/2022,19:33:32,7.213315927
24/03/2022,19:34:32,7.213315927
24/03/2022,19:35:32,7.213315927
24/03/2022,19:36:32,7.190469974
24/03/2022,19:37:32,7.190469974
24/03/2022,19:38:32,7.190469974
24/03/2022,19:39:32,7.190469974
24/03/2022,19:40:32,7.190469974
24/03/2022,19:41:32,7.213315927
24/03/2022,19:42:32,7.190469974
24/03/2022,19:43:32,7.190469974
24/03/2022,19:44:32,7.190469974
24/03/2022,19:45:32,7.190469974
24/03/2022,19:46:32,7.190469974
24/03/2022,19:47:32,7.190469974
24/03/2022,19:48:32,7.167624021
24/03/2022,19:49:32,7.167624021
24/03/2022,19:50:32,7.167624021
24/03/2022,19:51:32,7.167624021
24/03/2022,19:52:32,7.167624021
24/03/2022,19:53:32,7.167624021
24/03/2022,19:54:32,7.144778068
24/03/2022,19:55:32,7.144778068
24/03/2022,19:56:32,7.144778068
24/03/2022,19:57:32,7.144778068
24/03/2022,19:58:32,7.144778068
24/03/2022,19:59:32,7.144778068
24/03/2022,20:00:32,7.144778068
24/03/2022,20:01:32,7.144778068
24/03/2022,20:02:32,7.144778068
24/03/2022,20:03:32,7.144778068
24/03/2022,20:04:32,7.144778068
24/03/2022,20:05:32,7.144778068
24/03/2022,20:06:32,7.121932115
24/03/2022,20:07:32,7.121932115
24/03/2022,20:08:32,7.121932115
24/03/2022,20:09:32,7.121932115
24/03/2022,20:10:32,7.121932115
24/03/2022,20:11:32,7.121932115
24/03/2022,20:12:32,7.099086162
24/03/2022,20:13:32,7.099086162
24/03/2022,20:14:32,7.099086162
24/03/2022,20:15:32,7.099086162
24/03/2022,20:16:32,7.099086162
24/03/2022,20:17:32,7.099086162
24/03/2022,20:18:32,7.076240209
24/03/2022,20:19:32,7.099086162
24/03/2022,20:20:32,7.099086162
24/03/2022,20:21:32,7.099086162
24/03/2022,20:22:32,7.099086162
24/03/2022,20:23:32,7.099086162
24/03/2022,20:24:32,7.099086162
24/03/2022,20:25:32,7.076240209
24/03/2022,20:26:32,7.076240209
24/03/2022,20:27:32,7.076240209
24/03/2022,20:28:32,7.076240209
24/03/2022,20:29:32,7.076240209
24/03/2022,20:30:32,7.076240209
24/03/2022,20:31:32,7.053394256
24/03/2022,20:32:32,7.053394256
24/03/2022,20:33:32,7.053394256
24/03/2022,20:34:32,7.053394256
24/03/2022,20:35:32,7.053394256
24/03/2022,20:36:32,7.053394256
24/03/2022,20:37:32,7.053394256
24/03/2022,20:38:32,7.053394256
24/03/2022,20:39:32,7.053394256
24/03/2022,20:40:32,7.053394256
24/03/2022,20:41:32,7.053394256
24/03/2022,20:42:32,7.053394256
24/03/2022,20:43:32,7.030548303
24/03/2022,20:44:32,7.030548303
24/03/2022,20:45:32,7.030548303
24/03/2022,20:46:32,7.030548303
24/03/2022,20:47:32,7.030548303
24/03/2022,20:48:32,7.030548303
24/03/2022,20:49:32,7.00770235
24/03/2022,20:50:32,7.00770235
24/03/2022,20:51:32,7.00770235
24/03/2022,20:52:32,7.00770235
24/03/2022,20:53:32,7.00770235
24/03/2022,20:54:32,6.984856397
24/03/2022,20:55:32,6.984856397
24/03/2022,20:56:32,7.00770235
24/03/2022,20:57:32,7.00770235
24/03/2022,20:58:32,7.00770235
24/03/2022,20:59:32,7.00770235
24/03/2022,21:00:32,6.984856397
24/03/2022,21:01:32,6.984856397
24/03/2022,21:02:32,6.984856397
24/03/2022,21:03:32,6.984856397
24/03/2022,21:04:32,6.984856397
24/03/2022,21:05:32,6.962010444
24/03/2022,21:06:32,6.962010444
24/03/2022,21:07:32,6.962010444
24/03/2022,21:08:32,6.962010444
24/03/2022,21:09:32,6.962010444
24/03/2022,21:10:32,6.962010444
24/03/2022,21:11:32,6.939164491
24/03/2022,21:12:32,6.962010444
24/03/2022,21:13:32,6.962010444
24/03/2022,21:14:32,6.962010444
24/03/2022,21:15:32,6.962010444
24/03/2022,21:16:32,6.939164491
24/03/2022,21:17:32,6.939164491
24/03/2022,21:18:32,6.939164491
24/03/2022,21:19:32,6.939164491
24/03/2022,21:20:32,6.939164491
24/03/2022,21:21:32,6.916318538
24/03/2022,21:22:32,6.916318538
24/03/2022,21:23:32,6.916318538
24/03/2022,21:24:32,6.916318538
24/03/2022,21:25:32,6.916318538
24/03/2022,21:26:32,6.893472585
24/03/2022,21:27:32,6.916318538
24/03/2022,21:28:32,6.916318538
24/03/2022,21:29:32,6.916318538
24/03/2022,21:30:32,6.916318538
24/03/2022,21:31:32,6.893472585
24/03/2022,21:32:32,6.893472585
24/03/2022,21:33:32,6.893472585
24/03/2022,21:34:32,6.893472585
24/03/2022,21:35:32,6.870626632
24/03/2022,21:36:32,6.870626632
24/03/2022,21:37:32,6.870626632
24/03/2022,21:38:32,6.870626632
24/03/2022,21:39:32,6.870626632
24/03/2022,21:40:32,6.847780679
24/03/2022,21:41:32,6.870626632
24/03/2022,21:42:32,6.870626632
24/03/2022,21:43:32,6.870626632
24/03/2022,21:44:32,6.847780679
24/03/2022,21:45:32,6.847780679
24/03/2022,21:46:32,6.847780679
24/03/2022,21:47:32,6.847780679
24/03/2022,21:48:32,6.847780679
24/03/2022,21:49:32,6.824934726
24/03/2022,21:50:32,6.824934726
24/03/2022,21:51:32,6.824934726
24/03/2022,21:52:32,6.824934726
24/03/2022,21:53:32,6.802088773
24/03/2022,21:54:32,6.802088773
24/03/2022,21:55:32,6.824934726
24/03/2022,21:56:32,6.824934726
24/03/2022,21:57:32,6.802088773
24/03/2022,21:58:32,6.802088773
24/03/2022,21:59:32,6.802088773
24/03/2022,22:00:32,6.802088773
24/03/2022,22:01:32,6.77924282
24/03/2022,22:02:32,6.77924282
24/03/2022,22:03:32,6.77924282
24/03/2022,22:04:32,6.77924282
24/03/2022,22:05:32,6.756396867
24/03/2022,22:06:32,6.756396867
24/03/2022,22:07:32,6.77924282
24/03/2022,22:08:32,6.756396867
24/03/2022,22:09:32,6.756396867
24/03/2022,22:10:32,6.756396867
24/03/2022,22:11:32,6.756396867
24/03/2022,22:12:32,6.733550914
24/03/2022,22:13:32,6.733550914
24/03/2022,22:14:32,6.733550914
24/03/2022,22:15:32,6.733550914
24/03/2022,22:16:32,6.710704961
24/03/2022,22:17:32,6.710704961
24/03/2022,22:18:32,6.733550914
24/03/2022,22:19:32,6.710704961
24/03/2022,22:20:32,6.710704961
24/03/2022,22:21:32,6.710704961
24/03/2022,22:22:32,6.710704961
24/03/2022,22:23:32,6.687859008
24/03/2022,22:24:32,6.687859008
24/03/2022,22:25:32,6.687859008
24/03/2022,22:26:32,6.665013055
24/03/2022,22:27:32,6.665013055
24/03/2022,22:28:32,6.665013055
24/03/2022,22:29:32,6.687859008
24/03/2022,22:30:32,6.665013055
24/03/2022,22:31:32,6.665013055
24/03/2022,22:32:32,6.665013055
24/03/2022,22:33:32,6.665013055
24/03/2022,22:34:32,6.642167102
24/03/2022,22:35:32,6.642167102
24/03/2022,22:36:32,6.642167102
24/03/2022,22:37:32,6.619321149
24/03/2022,22:38:32,6.619321149
24/03/2022,22:39:32,6.619321149
24/03/2022,22:40:32,6.642167102
24/03/2022,22:41:32,6.619321149
24/03/2022,22:42:32,6.619321149
24/03/2022,22:43:32,6.619321149
24/03/2022,22:44:32,6.596475196
24/03/2022,22:45:32,6.596475196
24/03/2022,22:46:32,6.596475196
24/03/2022,22:47:32,6.596475196
24/03/2022,22:48:32,6.573629243
24/03/2022,22:49:32,6.573629243
24/03/2022,22:50:32,6.596475196
24/03/2022,22:51:32,6.573629243
24/03/2022,22:52:32,6.573629243
24/03/2022,22:53:32,6.573629243
24/03/2022,22:54:32,6.55078329
24/03/2022,22:55:32,6.55078329
24/03/2022,22:56:32,6.55078329
24/03/2022,22:57:32,6.55078329
24/03/2022,22:58:32,6.527937337
24/03/2022,22:59:32,6.527937337
24/03/2022,23:00:32,6.55078329
24/03/2022,23:01:32,6.527937337
24/03/2022,23:02:32,6.527937337
24/03/2022,23:03:32,6.527937337
24/03/2022,23:04:32,6.505091384
24/03/2022,23:05:32,6.505091384
24/03/2022,23:06:32,6.505091384
24/03/2022,23:07:32,6.505091384
24/03/2022,23:08:32,6.482245431
24/03/2022,23:09:32,6.482245431
24/03/2022,23:10:32,6.482245431
24/03/2022,23:11:32,6.482245431
24/03/2022,23:12:32,6.482245431
24/03/2022,23:13:32,6.482245431
24/03/2022,23:14:32,6.459399478
24/03/2022,23:15:32,6.459399478
24/03/2022,23:16:32,6.459399478
24/03/2022,23:17:32,6.459399478
24/03/2022,23:18:32,6.436553525
24/03/2022,23:19:32,6.436553525
24/03/2022,23:20:32,6.436553525
24/03/2022,23:21:32,6.436553525
24/03/2022,23:22:32,6.436553525
24/03/2022,23:23:32,6.436553525
24/03/2022,23:24:32,6.413707572
24/03/2022,23:25:32,6.413707572
24/03/2022,23:26:32,6.413707572
24/03/2022,23:27:32,6.413707572
24/03/2022,23:28:32,6.390861619
24/03/2022,23:29:32,6.390861619
24/03/2022,23:30:32,6.390861619
24/03/2022,23:31:32,6.390861619
24/03/2022,23:32:32,6.390861619
24/03/2022,23:33:32,6.390861619
24/03/2022,23:34:32,6.390861619
24/03/2022,23:35:32,6.368015666
24/03/2022,23:36:32,6.368015666
24/03/2022,23:37:32,6.368015666
24/03/2022,23:38:32,6.345169713
24/03/2022,23:39:32,6.345169713
24/03/2022,23:40:32,6.345169713
24/03/2022,23:41:32,6.32232376
24/03/2022,23:42:32,6.345169713
24/03/2022,23:43:32,6.345169713
24/03/2022,23:44:32,6.345169713
24/03/2022,23:45:32,6.32232376
24/03/2022,23:46:32,6.32232376
24/03/2022,23:47:32,6.32232376
24/03/2022,23:48:32,6.299477807
24/03/2022,23:49:32,6.299477807
24/03/2022,23:50:32,6.299477807
24/03/2022,23:51:32,6.299477807
24/03/2022,23:52:32,6.299477807
24/03/2022,23:53:32,6.299477807
24/03/2022,23:54:32,6.299477807
24/03/2022,23:55:32,6.276631854
24/03/2022,23:56:32,6.276631854
24/03/2022,23:57:32,6.276631854
24/03/2022,23:58:32,6.253785901
24/03/2022,23:59:32,6.253785901
25/03/2022,00:00:32,6.253785901
25/03/2022,00:01:32,6.253785901
25/03/2022,00:02:32,6.230939948
25/03/2022,00:03:32,6.253785901
25/03/2022,00:04:32,6.253785901
25/03/2022,00:05:32,6.253785901
25/03/2022,00:06:32,6.230939948
25/03/2022,00:07:32,6.230939948
25/03/2022,00:08:32,6.230939948
25/03/2022,00:09:32,6.208093995
25/03/2022,00:10:32,6.208093995
25/03/2022,00:11:32,6.208093995
25/03/2022,00:12:32,6.208093995
25/03/2022,00:13:32,6.185248042
25/03/2022,00:14:32,6.208093995
25/03/2022,00:15:32,6.208093995
25/03/2022,00:16:32,6.185248042
25/03/2022,00:17:32,6.185248042
25/03/2022,00:18:32,6.185248042
25/03/2022,00:19:32,6.185248042
25/03/2022,00:20:32,6.162402089
25/03/2022,00:21:32,6.162402089
25/03/2022,00:22:32,6.162402089
25/03/2022,00:23:32,6.162402089
25/03/2022,00:24:32,6.139556136
25/03/2022,00:25:32,6.162402089
25/03/2022,00:26:32,6.162402089
25/03/2022,00:27:32,6.139556136
25/03/2022,00:28:32,6.139556136
25/03/2022,00:29:32,6.139556136
25/03/2022,00:30:32,6.139556136
25/03/2022,00:31:32,6.116710183
25/03/2022,00:32:32,6.116710183
25/03/2022,00:33:32,6.116710183
25/03/2022,00:34:32,6.09386423
25/03/2022,00:35:32,6.09386423
25/03/2022,00:36:32,6.116710183
25/03/2022,00:37:32,6.116710183
25/03/2022,00:38:32,6.09386423
25/03/2022,00:39:32,6.09386423
25/03/2022,00:40:32,6.09386423
25/03/2022,00:41:32,6.071018277
25/03/2022,00:42:32,6.071018277
25/03/2022,00:43:32,6.071018277
25/03/2022,00:44:32,6.071018277
25/03/2022,00:45:32,6.048172324
25/03/2022,00:46:32,6.048172324
25/03/2022,00:47:32,6.071018277
25/03/2022,00:48:32,6.048172324
25/03/2022,00:49:32,6.048172324
25/03/2022,00:50:32,6.048172324
25/03/2022,00:51:32,6.025326371
25/03/2022,00:52:32,6.025326371
25/03/2022,00:53:32,6.025326371
25/03/2022,00:54:32,6.025326371
25/03/2022,00:55:32,6.002480418
25/03/2022,00:56:32,6.002480418
25/03/2022,00:57:32,6.025326371
25/03/2022,00:58:32,6.002480418
25/03/2022,00:59:32,6.002480418
25/03/2022,01:00:32,6.002480418
25/03/2022,01:01:32,6.002480418
25/03/2022,01:02:32,5.979634465
25/03/2022,01:03:32,5.979634465
25/03/2022,01:04:32,5.979634465
25/03/2022,01:05:32,5.956788512
25/03/2022,01:06:32,5.956788512
25/03/2022,01:07:32,5.979634465
25/03/2022,01:08:32,5.956788512
25/03/2022,01:09:32,5.956788512
25/03/2022,01:10:32,5.956788512
25/03/2022,01:11:32,5.933942559
25/03/2022,01:12:32,5.933942559
25/03/2022,01:13:32,5.933942559
25/03/2022,01:14:32,5.933942559
25/03/2022,01:15:32,5.911096606
25/03/2022,01:16:32,5.911096606
25/03/2022,01:17:32,5.933942559
25/03/2022,01:18:32,5.911096606
25/03/2022,01:19:32,5.911096606
25/03/2022,01:20:32,5.911096606
25/03/2022,01:21:32,5.888250653
25/03/2022,01:22:32,5.888250653
25/03/2022,01:23:32,5.888250653
25/03/2022,01:24:32,5.8654047
25/03/2022,01:25:32,5.8654047
25/03/2022,01:26:32,5.8654047
25/03/2022,01:27:32,5.888250653
25/03/2022,01:28:32,5.8654047
25/03/2022,01:29:32,5.8654047
25/03/2022,01:30:32,5.8654047
25/03/2022,01:31:32,5.842558747
25/03/2022,01:32:32,5.842558747
25/03/2022,01:33:32,5.842558747
25/03/2022,01:34:32,5.819712794
25/03/2022,01:35:32,5.819712794
25/03/2022,01:36:32,5.819712794
25/03/2022,01:37:32,5.819712794
25/03/2022,01:38:32,5.819712794
25/03/2022,01:39:32,5.819712794
25/03/2022,01:40:32,5.796866841
25/03/2022,01:41:32,5.796866841
25/03/2022,01:42:32,5.796866841
25/03/2022,01:43:32,5.774020888
25/03/2022,01:44:32,5.774020888
25/03/2022,01:45:32,5.774020888
25/03/2022,01:46:32,5.774020888
25/03/2022,01:47:32,5.774020888
25/03/2022,01:48:32,5.774020888
25/03/2022,01:49:32,5.751174935
25/03/2022,01:50:32,5.751174935
25/03/2022,01:51:32,5.751174935
25/03/2022,01:52:32,5.728328982
25/03/2022,01:53:32,5.728328982
25/03/2022,01:54:32,5.728328982
25/03/2022,01:55:32,5.728328982
25/03/2022,01:56:32,5.728328982
25/03/2022,01:57:32,5.728328982
25/03/2022,01:58:32,5.705483029
25/03/2022,01:59:32,5.705483029
25/03/2022,02:00:32,5.705483029
25/03/2022,02:01:32,5.682637076
25/03/2022,02:02:32,5.682637076
25/03/2022,02:03:32,5.682637076
25/03/2022,02:04:32,5.682637076
25/03/2022,02:05:32,5.682637076
25/03/2022,02:06:32,5.682637076
25/03/2022,02:07:32,5.659791123
25/03/2022,02:08:32,5.659791123
25/03/2022,02:09:32,5.659791123
25/03/2022,02:10:32,5.63694517
25/03/2022,02:11:32,5.63694517
25/03/2022,02:12:32,5.63694517
25/03/2022,02:13:32,5.63694517
25/03/2022,02:14:32,5.63694517
25/03/2022,02:15:32,5.614099217
25/03/2022,02:16:32,5.614099217
25/03/2022,02:17:32,5.614099217
25/03/2022,02:18:32,5.591253264
25/03/2022,02:19:32,5.591253264
25/03/2022,02:20:32,5.591253264
25/03/2022,02:21:32,5.568407311
25/03/2022,02:22:32,5.591253264
25/03/2022,02:23:32,5.591253264
25/03/2022,02:24:32,5.568407311
25/03/2022,02:25:32,5.568407311
25/03/2022,02:26:32,5.568407311
25/03/2022,02:27:32,5.545561358
25/03/2022,02:28:32,5.545561358
25/03/2022,02:29:32,5.522715405
25/03/2022,02:30:32,5.545561358
25/03/2022,02:31:32,5.545561358
25/03/2022,02:32:32,5.522715405
25/03/2022,02:33:32,5.522715405
25/03/2022,02:34:32,5.522715405
25/03/2022,02:35:32,5.499869452
25/03/2022,02:36:32,5.499869452
25/03/2022,02:37:32,5.499869452
25/03/2022,02:38:32,5.477023499
25/03/2022,02:39:32,5.499869452
25/03/2022,02:40:32,5.477023499
25/03/2022,02:41:32,5.477023499
25/03/2022,02:42:32,5.477023499
25/03/2022,02:43:32,5.454177546
25/03/2022,02:44:32,5.454177546
25/03/2022,02:45:32,5.454177546
25/03/2022,02:46:32,5.431331593
25/03/2022,02:47:32,5.454177546
25/03/2022,02:48:32,5.431331593
25/03/2022,02:49:32,5.431331593
25/03/2022,02:50:32,5.431331593
25/03/2022,02:51:32,5.40848564
25/03/2022,02:52:32,5.40848564
25/03/2022,02:53:32,5.40848564
25/03/2022,02:54:32,5.385639687
25/03/2022,02:55:32,5.40848564
25/03/2022,02:56:32,5.40848564
25/03/2022,02:57:32,5.385639687
25/03/2022,02:58:32,5.385639687
25/03/2022,02:59:32,5.362793734
25/03/2022,03:00:32,5.362793734
25/03/2022,03:01:32,5.362793734
25/03/2022,03:02:32,5.339947781
25/03/2022,03:03:32,5.339947781
25/03/2022,03:04:32,5.362793734
25/03/2022,03:05:32,5.339947781
25/03/2022,03:06:32,5.339947781
25/03/2022,03:07:32,5.339947781
25/03/2022,03:08:32,5.317101828
25/03/2022,03:09:32,5.317101828
25/03/2022,03:10:32,5.294255875
25/03/2022,03:11:32,5.294255875
25/03/2022,03:12:32,5.317101828
25/03/2022,03:13:32,5.294255875
25/03/2022,03:14:32,5.294255875
25/03/2022,03:15:32,5.294255875
25/03/2022,03:16:32,5.271409922
25/03/2022,03:17:32,5.271409922
25/03/2022,03:18:32,5.248563969
25/03/2022,03:19:32,5.248563969
25/03/2022,03:20:32,5.271409922
25/03/2022,03:21:32,5.248563969
25/03/2022,03:22:32,5.248563969
25/03/2022,03:23:32,5.248563969
25/03/2022,03:24:32,5.225718016
25/03/2022,03:25:32,5.225718016
25/03/2022,03:26:32,5.202872063
25/03/2022,03:27:32,5.202872063
25/03/2022,03:28:32,5.225718016
25/03/2022,03:29:32,5.202872063
25/03/2022,03:30:32,5.202872063
25/03/2022,03:31:32,5.202872063
25/03/2022,03:32:32,5.18002611
25/03/2022,03:33:32,5.18002611
25/03/2022,03:34:32,5.157180157
25/03/2022,03:35:32,5.157180157
25/03/2022,03:36:32,5.157180157
25/03/2022,03:37:32,5.157180157
25/03/2022,03:38:32,5.157180157
25/03/2022,03:39:32,5.157180157
25/03/2022,03:40:32,5.134334204
25/03/2022,03:41:32,5.134334204
25/03/2022,03:42:32,5.111488251
25/03/2022,03:43:32,5.111488251
25/03/2022,03:44:32,5.111488251
25/03/2022,03:45:32,5.111488251
25/03/2022,03:46:32,5.111488251
25/03/2022,03:47:32,5.111488251
25/03/2022,03:48:32,5.088642298
25/03/2022,03:49:32,5.088642298
25/03/2022,03:50:32,5.065796345
25/03/2022,03:51:32,5.065796345
25/03/2022,03:52:32,5.065796345
25/03/2022,03:53:32,5.065796345
25/03/2022,03:54:32,5.065796345
25/03/2022,03:55:32,5.065796345
25/03/2022,03:56:32,5.042950392
25/03/2022,03:57:32,5.042950392
25/03/2022,03:58:32,5.042950392
25/03/2022,03:59:32,5.020104439
25/03/2022,04:00:32,5.020104439
25/03/2022,04:01:32,5.020104439
25/03/2022,04:02:32,5.020104439
25/03/2022,04:03:32,5.020104439
25/03/2022,04:04:32,4.997258486
25/03/2022,04:05:32,4.997258486
25/03/2022,04:06:32,4.997258486
25/03/2022,04:07:32,4.974412533
25/03/2022,04:08:32,4.974412533
25/03/2022,04:09:32,4.974412533
25/03/2022,04:10:32,4.974412533
25/03/2022,04:11:32,4.974412533
25/03/2022,04:12:32,4.95156658
25/03/2022,04:13:32,4.95156658
25/03/2022,04:14:32,4.95156658
25/03/2022,04:15:32,4.928720627
25/03/2022,04:16:32,4.928720627
25/03/2022,04:17:32,4.928720627
25/03/2022,04:18:32,4.905874674
25/03/2022,04:19:32,4.928720627
25/03/2022,04:20:32,4.928720627
25/03/2022,04:21:32,4.905874674
25/03/2022,04:22:32,4.905874674
25/03/2022,04:23:32,4.905874674
25/03/2022,04:24:32,4.883028721
25/03/2022,04:25:32,4.883028721
25/03/2022,04:26:32,4.883028721
25/03/2022,04:27:32,4.883028721
25/03/2022,04:28:32,4.883028721
25/03/2022,04:29:32,4.860182768
25/03/2022,04:30:32,4.860182768
25/03/2022,04:31:32,4.860182768
25/03/2022,04:32:32,4.837336815
25/03/2022,04:33:32,4.837336815
25/03/2022,04:34:32,4.837336815
25/03/2022,04:35:32,4.814490862
25/03/2022,04:36:32,4.837336815
25/03/2022,04:37:32,4.837336815
25/03/2022,04:38:32,4.814490862
25/03/2022,04:39:32,4.814490862
25/03/2022,04:40:32,4.814490862
25/03/2022,04:41:32,4.791644909
25/03/2022,04:42:32,4.791644909
25/03/2022,04:43:32,4.791644909
25/03/2022,04:44:32,4.768798956
25/03/2022,04:45:32,4.791644909
25/03/2022,04:46:32,4.791644909
25/03/2022,04:47:32,4.768798956
25/03/2022,04:48:32,4.768798956
25/03/2022,04:49:32,4.768798956
25/03/2022,04:50:32,4.745953003
25/03/2022,04:51:32,4.745953003
25/03/2022,04:52:32,4.745953003
25/03/2022,04:53:32,4.72310705
25/03/2022,04:54:32,4.72310705
25/03/2022,04:55:32,4.745953003
25/03/2022,04:56:32,4.72310705
25/03/2022,04:57:32,4.72310705
25/03/2022,04:58:32,4.72310705
25/03/2022,04:59:32,4.72310705
25/03/2022,05:00:32,4.700261097
25/03/2022,05:01:32,4.700261097
25/03/2022,05:02:32,4.700261097
25/03/2022,05:03:32,4.677415144
25/03/2022,05:04:32,4.677415144
25/03/2022,05:05:32,4.700261097
25/03/2022,05:06:32,4.677415144
25/03/2022,05:07:32,4.677415144
25/03/2022,05:08:32,4.677415144
25/03/2022,05:09:32,4.677415144
25/03/2022,05:10:32,4.654569191
25/03/2022,05:11:32,4.654569191
25/03/2022,05:12:32,4.654569191
25/03/2022,05:13:32,4.631723238
25/03/2022,05:14:32,4.631723238
25/03/2022,05:15:32,4.654569191
25/03/2022,05:16:32,4.654569191
25/03/2022,05:17:32,4.631723238
25/03/2022,05:18:32,4.631723238
25/03/2022,05:19:32,4.631723238
25/03/2022,05:20:32,4.631723238
25/03/2022,05:21:32,4.608877285
25/03/2022,05:22:32,4.608877285
25/03/2022,05:23:32,4.608877285
25/03/2022,05:24:32,4.608877285
25/03/2022,05:25:32,4.586031332
25/03/2022,05:26:32,4.586031332
25/03/2022,05:27:32,4.608877285
25/03/2022,05:28:32,4.608877285
25/03/2022,05:29:32,4.586031332
25/03/2022,05:30:32,4.586031332
25/03/2022,05:31:32,4.586031332
25/03/2022,05:32:32,4.586031332
25/03/2022,05:33:32,4.563185379
25/03/2022,05:34:32,4.563185379
25/03/2022,05:35:32,4.563185379
25/03/2022,05:36:32,4.563185379
25/03/2022,05:37:32,4.540339426
25/03/2022,05:38:32,4.540339426
25/03/2022,05:39:32,4.540339426
25/03/2022,05:40:32,4.540339426
25/03/2022,05:41:32,4.563185379
25/03/2022,05:42:32,4.540339426
25/03/2022,05:43:32,4.540339426
25/03/2022,05:44:32,4.540339426
25/03/2022,05:45:32,4.540339426
25/03/2022,05:46:32,4.540339426
25/03/2022,05:47:32,4.517493473
25/03/2022,05:48:32,4.517493473
25/03/2022,05:49:32,4.517493473
25/03/2022,05:50:32,4.517493473
25/03/2022,05:51:32,4.517493473
25/03/2022,05:52:32,4.49464752
25/03/2022,05:53:32,4.49464752
25/03/2022,05:54:32,4.49464752
25/03/2022,05:55:32,4.49464752
25/03/2022,05:56:32,4.517493473
25/03/2022,05:57:32,4.49464752
25/03/2022,05:58:32,4.49464752
25/03/2022,05:59:32,4.49464752
25/03/2022,06:00:32,4.49464752
25/03/2022,06:01:32,4.49464752
25/03/2022,06:02:32,4.49464752
25/03/2022,06:03:32,4.471801567
25/03/2022,06:04:32,4.471801567
25/03/2022,06:05:32,4.471801567
25/03/2022,06:06:32,4.471801567
25/03/2022,06:07:32,4.471801567
25/03/2022,06:08:32,4.471801567
25/03/2022,06:09:32,4.471801567
25/03/2022,06:10:32,4.448955614
25/03/2022,06:11:32,4.448955614
25/03/2022,06:12:32,4.448955614
25/03/2022,06:13:32,4.448955614
25/03/2022,06:14:32,4.448955614
25/03/2022,06:15:32,4.448955614
25/03/2022,06:16:32,4.448955614
25/03/2022,06:17:32,4.471801567
25/03/2022,06:18:32,4.448955614
25/03/2022,06:19:32,4.448955614
25/03/2022,06:20:32,4.448955614
25/03/2022,06:21:32,4.448955614
25/03/2022,06:22:32,4.448955614
25/03/2022,06:23:32,4.448955614
25/03/2022,06:24:32,4.448955614
25/03/2022,06:25:32,4.448955614
25/03/2022,06:26:32,4.448955614
25/03/2022,06:27:32,4.448955614
25/03/2022,06:28:32,4.448955614
25/03/2022,06:29:32,4.448955614
25/03/2022,06:30:32,4.448955614
25/03/2022,06:31:32,4.448955614
25/03/2022,06:32:32,4.426109661
25/03/2022,06:33:32,4.426109661
25/03/2022,06:34:32,4.426109661
25/03/2022,06:35:32,4.426109661
25/03/2022,06:36:32,4.426109661
25/03/2022,06:37:32,4.426109661
25/03/2022,06:38:32,4.426109661
25/03/2022,06:39:32,4.426109661
25/03/2022,06:40:32,4.426109661
25/03/2022,06:41:32,4.426109661
25/03/2022,06:42:32,4.426109661
25/03/2022,06:43:32,4.426109661
25/03/2022,06:44:32,4.448955614
25/03/2022,06:45:32,4.448955614
25/03/2022,06:46:32,4.448955614
25/03/2022,06:47:32,4.448955614
25/03/2022,06:48:32,4.448955614
25/03/2022,06:49:32,4.448955614
25/03/2022,06:50:32,4.448955614
25/03/2022,06:51:32,4.448955614
25/03/2022,06:52:32,4.448955614
25/03/2022,06:53:32,4.448955614
25/03/2022,06:54:32,4.448955614
25/03/2022,06:55:32,4.448955614
25/03/2022,06:56:32,4.448955614
25/03/2022,06:57:32,4.448955614
25/03/2022,06:58:32,4.471801567
25/03/2022,06:59:32,4.448955614
25/03/2022,07:00:32,4.448955614
25/03/2022,07:01:32,4.448955614
25/03/2022,07:02:32,4.448955614
25/03/2022,07:03:32,4.448955614
25/03/2022,07:04:32,4.448955614
25/03/2022,07:05:32,4.448955614
25/03/2022,07:06:32,4.471801567
25/03/2022,07:07:32,4.471801567
25/03/2022,07:08:32,4.471801567
25/03/2022,07:09:32,4.471801567
25/03/2022,07:10:32,4.471801567
25/03/2022,07:11:32,4.471801567
25/03/2022,07:12:32,4.471801567
25/03/2022,07:13:32,4.49464752
25/03/2022,07:14:32,4.49464752
25/03/2022,07:15:32,4.49464752
25/03/2022,07:16:32,4.49464752
25/03/2022,07:17:32,4.49464752
25/03/2022,07:18:32,4.517493473
25/03/2022,07:19:32,4.49464752
25/03/2022,07:20:32,4.49464752
25/03/2022,07:21:32,4.49464752
25/03/2022,07:22:32,4.49464752
25/03/2022,07:23:32,4.517493473
25/03/2022,07:24:32,4.517493473
25/03/2022,07:25:32,4.517493473
25/03/2022,07:26:32,4.517493473
25/03/2022,07:27:32,4.540339426
25/03/2022,07:28:32,4.540339426
25/03/2022,07:29:32,4.540339426
25/03/2022,07:30:32,4.540339426
25/03/2022,07:31:32,4.540339426
25/03/2022,07:32:32,4.540339426
25/03/2022,07:33:32,4.540339426
25/03/2022,07:34:32,4.563185379
25/03/2022,07:35:32,4.563185379
25/03/2022,07:36:32,4.563185379
25/03/2022,07:37:32,4.586031332
25/03/2022,07:38:32,4.586031332
25/03/2022,07:39:32,4.586031332
25/03/2022,07:40:32,4.608877285
25/03/2022,07:41:32,4.586031332
25/03/2022,07:42:32,4.586031332
25/03/2022,07:43:32,4.608877285
25/03/2022,07:44:32,4.608877285
25/03/2022,07:45:32,4.608877285
25/03/2022,07:46:32,4.631723238
25/03/2022,07:47:32,4.631723238
25/03/2022,07:48:32,4.631723238
25/03/2022,07:49:32,4.654569191
25/03/2022,07:50:32,4.631723238
25/03/2022,07:51:32,4.631723238
25/03/2022,07:52:32,4.654569191
25/03/2022,07:53:32,4.654569191
25/03/2022,07:54:32,4.654569191
25/03/2022,07:55:32,4.677415144
25/03/2022,07:56:32,4.677415144
25/03/2022,07:57:32,4.700261097
25/03/2022,07:58:32,4.700261097
25/03/2022,07:59:32,4.677415144
25/03/2022,08:00:32,4.700261097
25/03/2022,08:01:32,4.700261097
25/03/2022,08:02:32,4.700261097
25/03/2022,08:03:32,4.72310705
25/03/2022,08:04:32,4.72310705
25/03/2022,08:05:32,4.745953003
25/03/2022,08:06:32,4.72310705
25/03/2022,08:07:32,4.72310705
25/03/2022,08:08:32,4.745953003
25/03/2022,08:09:32,4.745953003
25/03/2022,08:10:32,4.768798956
25/03/2022,08:11:32,4.768798956
25/03/2022,08:12:32,4.768798956
25/03/2022,08:13:32,4.791644909
25/03/2022,08:14:32,4.768798956
25/03/2022,08:15:32,4.791644909
25/03/2022,08:16:32,4.791644909
25/03/2022,08:17:32,4.814490862
25/03/2022,08:18:32,4.814490862
25/03/2022,08:19:32,4.837336815
25/03/2022,08:20:32,4.837336815
25/03/2022,08:21:32,4.814490862
25/03/2022,08:22:32,4.837336815
25/03/2022,08:23:32,4.837336815
25/03/2022,08:24:32,4.860182768
25/03/2022,08:25:32,4.860182768
25/03/2022,08:26:32,4.883028721
25/03/2022,08:27:32,4.883028721
25/03/2022,08:28:32,4.883028721
25/03/2022,08:29:32,4.883028721
25/03/2022,08:30:32,4.883028721
25/03/2022,08:31:32,4.905874674
25/03/2022,08:32:32,4.905874674
25/03/2022,08:33:32,4.928720627
25/03/2022,08:34:32,4.928720627
25/03/2022,08:35:32,4.928720627
25/03/2022,08:36:32,4.928720627
25/03/2022,08:37:32,4.95156658
25/03/2022,08:38:32,4.95156658
25/03/2022,08:39:32,4.974412533
25/03/2022,08:40:32,4.974412533
25/03/2022,08:41:32,4.974412533
25/03/2022,08:42:32,4.974412533
25/03/2022,08:43:32,4.997258486
25/03/2022,08:44:32,4.997258486
25/03/2022,08:45:32,5.020104439
25/03/2022,08:46:32,5.020104439
25/03/2022,08:47:32,5.020104439
25/03/2022,08:48:32,5.020104439
25/03/2022,08:49:32,5.042950392
25/03/2022,08:50:32,5.042950392
25/03/2022,08:51:32,5.065796345
25/03/2022,08:52:32,5.065796345
25/03/2022,08:53:32,5.065796345
25/03/2022,08:54:32,5.088642298
25/03/2022,08:55:32,5.088642298
25/03/2022,08:56:32,5.111488251
25/03/2022,08:57:32,5.111488251
25/03/2022,08:58:32,5.111488251
25/03/2022,08:59:32,5.134334204
25/03/2022,09:00:32,5.134334204
25/03/2022,09:01:32,5.157180157
25/03/2022,09:02:32,5.157180157
25/03/2022,09:03:32,5.157180157
25/03/2022,09:04:32,5.18002611
25/03/2022,09:05:32,5.18002611
25/03/2022,09:06:32,5.202872063
25/03/2022,09:07:32,5.225718016
25/03/2022,09:08:32,5.202872063
25/03/2022,09:09:32,5.225718016
25/03/2022,09:10:32,5.248563969
25/03/2022,09:11:32,5.248563969
25/03/2022,09:12:32,5.248563969
25/03/2022,09:13:32,5.271409922
25/03/2022,09:14:32,5.271409922
25/03/2022,09:15:32,5.294255875
25/03/2022,09:16:32,5.294255875
25/03/2022,09:17:32,5.317101828
25/03/2022,09:18:32,5.317101828
25/03/2022,09:19:32,5.339947781
25/03/2022,09:20:32,5.362793734
25/03/2022,09:21:32,5.362793734
25/03/2022,09:22:32,5.362793734
25/03/2022,09:23:32,5.385639687
25/03/2022,09:24:32,5.40848564
25/03/2022,09:25:32,5.40848564
25/03/2022,09:26:32,5.40848564
25/03/2022,09:27:32,5.431331593
25/03/2022,09:28:32,5.454177546
25/03/2022,09:29:32,5.431331593
25/03/2022,09:30:32,5.454177546
25/03/2022,09:31:32,5.477023499
25/03/2022,09:32:32,5.499869452
25/03/2022,09:33:32,5.477023499
25/03/2022,09:34:32,5.499869452
25/03/2022,09:35:32,5.522715405
25/03/2022,09:36:32,5.545561358
25/03/2022,09:37:32,5.522715405
25/03/2022,09:38:32,5.545561358
25/03/2022,09:39:32,5.568407311
25/03/2022,09:40:32,5.591253264
25/03/2022,09:41:32,5.591253264
25/03/2022,09:42:32,5.591253264
25/03/2022,09:43:32,5.614099217
25/03/2022,09:44:32,5.63694517
25/03/2022,09:45:32,5.63694517
25/03/2022,09:46:32,5.659791123
25/03/2022,09:47:32,5.659791123
25/03/2022,09:48:32,5.682637076
25/03/2022,09:49:32,5.682637076
25/03/2022,09:50:32,5.705483029
25/03/2022,09:51:32,5.728328982
25/03/2022,09:52:32,5.728328982
25/03/2022,09:53:32,5.751174935
25/03/2022,09:54:32,5.751174935
25/03/2022,09:55:32,5.774020888
25/03/2022,09:56:32,5.774020888
25/03/2022,09:57:32,5.796866841
25/03/2022,09:58:32,5.819712794
25/03/2022,09:59:32,5.819712794
25/03/2022,10:00:32,5.819712794
25/03/2022,10:01:32,5.842558747
25/03/2022,10:02:32,5.8654047
25/03/2022,10:03:32,5.8654047
25/03/2022,10:04:32,5.888250653
25/03/2022,10:05:32,5.911096606
25/03/2022,10:06:32,5.933942559
25/03/2022,10:07:32,5.933942559
25/03/2022,10:08:32,5.933942559
25/03/2022,10:09:32,5.956788512
25/03/2022,10:10:32,5.956788512
25/03/2022,10:11:32,5.979634465
25/03/2022,10:12:32,6.002480418
25/03/2022,10:13:32,6.002480418
25/03/2022,10:14:32,6.025326371
25/03/2022,10:15:32,6.048172324
25/03/2022,10:16:32,6.071018277
25/03/2022,10:17:32,6.048172324
25/03/2022,10:18:32,6.071018277
25/03/2022,10:19:32,6.09386423
25/03/2022,10:20:32,6.116710183
25/03/2022,10:21:32,6.116710183
25/03/2022,10:22:32,6.139556136
25/03/2022,10:23:32,6.162402089
25/03/2022,10:24:32,6.139556136
25/03/2022,10:25:32,6.162402089
25/03/2022,10:26:32,6.185248042
25/03/2022,10:27:32,6.208093995
25/03/2022,10:28:32,6.208093995
25/03/2022,10:29:32,6.230939948
25/03/2022,10:30:32,6.253785901
25/03/2022,10:31:32,6.230939948
25/03/2022,10:32:32,6.253785901
25/03/2022,10:33:32,6.276631854
25/03/2022,10:34:32,6.299477807
25/03/2022,10:35:32,6.299477807
25/03/2022,10:36:32,6.32232376
25/03/2022,10:37:32,6.345169713
25/03/2022,10:38:32,6.345169713
25/03/2022,10:39:32,6.345169713
25/03/2022,10:40:32,6.368015666
25/03/2022,10:41:32,6.390861619
25/03/2022,10:42:32,6.390861619
25/03/2022,10:43:32,6.413707572
25/03/2022,10:44:32,6.436553525
25/03/2022,10:45:32,6.436553525
25/03/2022,10:46:32,6.459399478
25/03/2022,10:47:32,6.459399478
25/03/2022,10:48:32,6.482245431
25/03/2022,10:49:32,6.482245431
25/03/2022,10:50:32,6.505091384
25/03/2022,10:51:32,6.527937337
25/03/2022,10:52:32,6.527937337
25/03/2022,10:53:32,6.55078329
25/03/2022,10:54:32,6.55078329
25/03/2022,10:55:32,6.573629243
25/03/2022,10:56:32,6.573629243
25/03/2022,10:57:32,6.596475196
25/03/2022,10:58:32,6.619321149
25/03/2022,10:59:32,6.642167102
25/03/2022,11:00:32,6.642167102
25/03/2022,11:01:32,6.642167102
25/03/2022,11:02:32,6.665013055
25/03/2022,11:03:32,6.665013055
25/03/2022,11:04:32,6.687859008
25/03/2022,11:05:32,6.710704961
25/03/2022,11:06:32,6.733550914
25/03/2022,11:07:32,6.710704961
25/03/2022,11:08:32,6.733550914
25/03/2022,11:09:32,6.756396867
25/03/2022,11:10:32,6.756396867
25/03/2022,11:11:32,6.77924282
25/03/2022,11:12:32,6.802088773
25/03/2022,11:13:32,6.824934726
25/03/2022,11:14:32,6.824934726
25/03/2022,11:15:32,6.824934726
25/03/2022,11:16:32,6.847780679
25/03/2022,11:17:32,6.847780679
25/03/2022,11:18:32,6.870626632
25/03/2022,11:19:32,6.893472585
25/03/2022,11:20:32,6.916318538
25/03/2022,11:21:32,6.916318538
25/03/2022,11:22:32,6.916318538
25/03/2022,11:23:32,6.939164491
